{"cameraMode":{"drawMode":0,"name":"Shaded","section":"Shading Mode"},"sceneLighting":true,"audioPlay":false,"sceneViewState":{"m_AlwaysRefresh":false,"showFog":true,"showSkybox":true,"showFlares":true,"showImageEffects":true,"showParticleSystems":true,"showVisualEffectGraphs":true,"m_FxEnabled":true},"in2DMode":false,"pivot":{"x":467.9879455566406,"y":128.47975158691407,"z":108.9849624633789},"rotation":{"x":-0.10855100303888321,"y":-0.05183710530400276,"z":0.005681625567376614,"w":-0.9927734136581421},"size":103.07764434814453,"orthographic":false}